,keys_quantity,model,length,width,height,year,weight,price
0,37,Nord,719,353,44,1981,8.867001351999999,45211.0
1,73,Korg,1195,183,126,1981,17.80008426,65149.0
2,76,Casio,1173,188,143,2004,10.154248104,62543.0
3,37,Korg,673,391,71,2002,17.954510033000002,30791.5
4,76,Nord,1108,234,129,1993,27.92748348,79182.5
5,73,Nord,1126,277,102,2011,15.42979194,79517.5
6,37,Nord,718,158,69,2001,4.03123254,47582.5
7,73,Casio,1288,138,122,2020,7.676407872,59631.0
8,61,Casio,894,373,137,2011,16.44634584,49020.0
9,73,Casio,1102,177,68,1995,9.921226656,56282.0
10,61,Nord,1091,181,73,1991,11.950352507,66033.5
11,61,Casio,880,290,90,2012,8.819711999999999,48816.0
12,73,Nord,1252,187,111,1986,10.52504442,80197.5
13,88,Casio,1375,325,129,2006,46.8092625,68938.0
14,25,Nord,468,186,112,1983,3.8705022720000004,38025.5
15,37,Casio,710,309,41,2003,6.35046294,24959.0
16,25,Casio,404,216,124,2014,10.139029632,12435.5
17,76,Nord,1222,198,47,1994,4.082523588,83228.5
18,37,Casio,593,368,67,2004,8.041554399999999,26285.0
19,61,Nord,979,373,78,1982,12.418599336000002,69374.0
20,88,Nord,1438,339,102,1987,24.414073524,92666.5
21,61,Korg,935,170,114,2008,16.815638399999997,52192.0
22,25,Casio,641,353,145,1983,29.955151105000002,12639.5
23,76,Casio,1199,232,47,2013,4.079055552,62628.0
24,37,Nord,721,195,55,1984,2.95390095,48713.0
25,76,Nord,1213,275,150,2017,33.7244325,80551.0
26,88,Korg,1327,277,106,1983,36.508681438,75875.5
27,37,Casio,621,173,49,1983,2.584730547,26786.5
28,61,Casio,975,356,143,1995,24.1723911,47940.5
29,25,Korg,422,252,114,1997,10.619937215999999,20954.0
30,48,Nord,758,224,61,2015,3.770061568,58546.0
31,48,Casio,937,127,40,2018,1.7945049199999998,37435.5
32,61,Korg,1020,157,51,2000,6.4520406,53365.0
33,88,Korg,1417,223,136,1981,25.269168288,78842.0
34,37,Korg,615,195,63,2020,3.226102425,35330.5
35,48,Korg,799,182,120,1988,16.76960376,40471.5
36,73,Casio,1196,321,70,1991,15.23762604,57820.5
37,25,Casio,644,200,100,2005,4.08296,17705.5
38,61,Casio,921,330,103,2008,20.723770979999998,46453.0
39,37,Casio,686,386,105,2020,23.16038214,23879.5
40,25,Casio,498,230,74,1986,4.237979999999999,16150.0
41,88,Casio,1343,182,126,2005,24.299366364,69133.5
42,73,Korg,1039,177,129,2016,18.551766834000002,63993.0
43,76,Korg,1246,318,115,2008,44.33593206,65009.5
44,48,Korg,932,134,101,2005,6.697868328,44126.5
45,48,Korg,928,269,65,1985,10.02771744,43387.0
46,73,Nord,1103,200,79,2009,6.8141134,80316.5
47,25,Casio,423,130,75,1997,2.0744977500000004,16124.5
48,76,Korg,1113,317,149,1987,51.518922419999996,64950.0
49,25,Casio,493,258,91,2015,9.224999238,13625.5
50,76,Korg,1229,388,82,1982,37.068567072,65222.0
51,61,Casio,982,377,89,2018,11.037930410000001,49232.5
52,73,Casio,1048,332,105,1996,29.15355744,55857.0
53,25,Korg,525,159,66,1982,1.7850294,25646.0
54,76,Korg,1202,399,63,2020,27.314065296,65596.0
55,73,Nord,1279,165,100,1987,15.19452,77520.0
56,76,Casio,1226,187,135,2013,19.90108791,59814.5
57,88,Nord,1428,181,145,2020,35.67892272,88748.0
58,25,Casio,534,206,42,1992,2.943047016,14985.5
59,37,Korg,606,197,112,1990,11.378537184,31726.5
60,88,Korg,1369,208,41,1994,9.795184048,76708.5
61,61,Casio,886,283,51,1995,8.772319668,46249.0
62,37,Korg,555,139,150,1994,7.822503,33214.0
63,61,Nord,874,199,142,2020,18.992371348000002,66543.5
64,76,Korg,1128,358,71,1996,23.596647792,66284.5
65,61,Nord,998,212,83,2005,5.53165452,70402.5
66,25,Casio,430,351,51,2003,5.68840077,14118.5
67,76,Korg,1298,281,37,1992,8.448061556,67959.0
68,25,Casio,480,354,47,1996,3.42609696,16753.5
69,73,Nord,1074,195,77,1980,11.43341199,77613.5
70,88,Nord,1375,297,96,2011,37.871064000000004,88629.0
71,48,Korg,688,243,117,2010,13.711930128,42681.5
72,61,Korg,1089,263,83,2015,8.486525817,57045.5
73,25,Nord,391,223,134,2013,4.977325212,37779.0
74,37,Nord,611,258,147,1983,7.53115545,49197.5
75,25,Korg,495,379,57,1993,5.9883516000000006,23640.0
76,25,Nord,630,251,47,1989,5.239637549999999,35407.5
77,48,Korg,737,365,144,1988,25.64370864,43013.0
78,76,Nord,1152,291,71,2007,16.970449536,80219.5
79,37,Casio,806,201,146,2005,17.171987976,24789.0
80,37,Nord,708,358,134,2001,11.479891488,49087.0
81,48,Nord,730,324,37,1987,2.7391381200000002,58979.5
82,61,Nord,931,346,68,2010,10.251337824,69102.0
83,25,Nord,389,226,88,1992,7.287718944,33393.0
84,48,Korg,941,226,57,1990,4.8487848,45240.0
85,61,Korg,1107,228,75,2004,6.8525514,57003.0
86,48,Nord,929,344,140,1987,14.406486079999999,58903.0
87,48,Nord,806,385,38,1985,7.29911182,56378.5
88,37,Nord,665,388,79,1980,11.14981826,47310.5
89,88,Nord,1464,129,130,1997,13.306793760000001,92233.0
90,61,Nord,917,346,46,1995,14.419832335999999,64682.0
91,88,Nord,1436,309,54,1998,21.013881192,89385.5
92,73,Casio,1206,160,115,2018,7.234070399999999,59869.0
93,73,Nord,1207,178,103,1988,14.406068838,78106.5
94,37,Casio,595,147,69,1982,4.749611895,24270.5
95,25,Nord,467,364,68,2012,9.351379856,34523.5
96,73,Korg,1151,230,97,1985,20.31193871,63916.5
97,76,Casio,1191,150,78,2005,13.9207653,56788.5
98,37,Nord,736,210,100,2020,12.967583999999999,44828.5
99,76,Korg,1292,227,108,2002,31.041178560000002,64950.0
100,48,Nord,780,203,96,1981,12.494926079999999,54653.0
101,25,Casio,527,154,77,1995,2.5746563919999996,16898.0
102,48,Korg,828,189,145,2010,22.64595732,40157.0
103,76,Nord,1188,158,82,1989,10.050798384,80729.5
104,48,Nord,913,263,43,2014,4.873455224,57628.0
105,61,Korg,1046,263,131,1982,19.8208109,55405.0
106,48,Korg,847,340,95,2004,14.1441377,44245.5
107,48,Nord,875,371,37,1986,5.0446725,58070.0
108,37,Nord,553,261,145,2001,8.810807985,48381.5
109,73,Nord,1145,391,40,1993,10.601417600000001,78608.0
110,88,Korg,1332,371,58,2013,11.780072136,80346.5
111,88,Korg,1438,364,54,1993,11.532253824,80372.0
112,76,Casio,1327,278,66,1997,18.528672756000002,58811.5
113,73,Nord,1126,125,47,2007,4.5909835,77741.0
114,76,Casio,1327,308,104,2001,23.293542272,60622.0
115,61,Nord,983,355,65,2010,10.592832575000001,69110.5
116,37,Korg,572,347,65,1986,4.48970808,36002.0
117,73,Nord,1156,154,105,2011,17.757894,75565.0
118,48,Casio,730,155,136,1986,9.4484776,35421.0
119,25,Nord,645,198,129,2002,15.453165420000001,33427.0
120,73,Korg,1168,378,124,2019,33.066883583999996,65506.0
121,25,Nord,545,380,133,1996,9.4476949,38484.5
122,25,Korg,417,149,68,2011,1.30976364,25765.0
123,76,Nord,1297,215,66,1991,8.81572197,82208.5
124,48,Nord,855,393,46,1996,13.88010762,54007.0
125,25,Nord,387,372,92,2010,6.039577727999999,37524.0
126,37,Nord,753,145,145,1981,11.11394115,45993.0
127,73,Korg,1039,335,92,2000,25.2973642,63925.0
128,48,Nord,922,292,35,2012,3.28857116,58673.5
129,88,Korg,1506,148,131,1980,16.409460336,79063.0
130,48,Korg,823,198,125,2015,6.3959445,45971.0
131,88,Korg,1500,248,56,2005,18.12384,76445.0
132,25,Casio,471,328,72,2001,7.2856540800000005,14832.5
133,88,Korg,1485,315,109,2003,20.8028898,80372.0
134,25,Korg,436,300,123,1988,6.9823656,24711.0
135,61,Korg,1116,351,99,2000,34.12629792,52600.0
136,25,Korg,469,284,70,2003,5.90191476,23019.5
137,88,Nord,1381,340,51,1997,19.660109339999998,89861.5
138,37,Casio,755,350,138,2004,18.0509175,26752.5
139,76,Korg,1319,372,62,1994,20.291084472,67610.5
140,76,Korg,1279,175,48,1985,10.5394716,64941.5
141,25,Casio,489,237,93,1989,7.986534309,14101.5
142,73,Casio,1198,148,89,2005,13.760208832,55228.0
143,48,Nord,881,186,102,1980,6.752590128,58206.0
144,61,Casio,940,389,91,2000,15.273252540000001,48178.5
145,88,Casio,1330,299,78,2007,14.5785822,71845.0
146,73,Korg,1258,210,92,2014,14.97160896,65404.0
147,73,Korg,1225,312,35,2017,9.885603,64358.5
148,73,Korg,1230,278,142,2004,39.427049759999996,63738.0
149,48,Korg,845,300,74,2002,5.702736000000001,46056.0
150,88,Casio,1464,152,103,1986,16.525596864,69711.5
151,37,Casio,587,391,49,2011,5.3082691760000005,26948.0
152,76,Korg,1288,318,143,2002,40.70650584,67372.5
153,25,Nord,509,162,74,2019,2.312617068,38178.5
154,88,Casio,1261,348,47,2001,15.489311916,69456.5
155,37,Korg,765,183,67,2001,7.8507796050000005,31845.5
156,48,Korg,944,155,95,1994,4.5176300000000005,45877.5
157,48,Korg,873,351,130,2013,37.76357052,40582.0
158,48,Casio,834,234,73,1996,14.246388,32140.0
159,25,Korg,553,191,43,2020,2.31631239,24065.0
160,73,Korg,1059,322,110,1988,20.70539856,65948.0
161,61,Nord,1053,348,95,2007,32.862697919999995,65056.0
162,73,Korg,1124,295,113,2003,34.4710568,62820.0
163,76,Nord,1243,124,84,1999,7.522258128000001,81341.5
164,73,Korg,1059,261,145,1990,40.077855,62140.0
165,48,Nord,789,256,118,2003,21.474534912,53981.5
166,61,Nord,1125,244,54,2016,14.244902999999999,64911.5
167,88,Nord,1348,317,120,1985,42.406839839999996,89810.5
168,88,Casio,1342,169,115,1997,23.23885707,68266.5
169,61,Casio,930,384,90,1982,28.2517632,44608.5
170,37,Nord,599,386,50,1991,7.283241,46605.0
171,37,Korg,605,383,65,1989,14.459016,30800.0
172,25,Nord,596,274,92,1999,7.4969600320000005,37158.5
173,25,Korg,525,121,135,2019,5.831595,22620.0
174,73,Casio,1197,214,124,2000,13.753635336,58959.5
175,37,Casio,792,263,102,1981,16.720753104,24270.5
176,76,Korg,1186,357,59,2004,18.385808448,67024.0
177,73,Korg,1152,378,141,2005,21.919548672,67605.5
178,76,Korg,1311,339,109,2012,47.377020258,64967.0
179,37,Casio,723,363,55,1988,11.20132332,24364.0
180,48,Korg,833,220,126,2014,22.6289448,40310.0
181,76,Casio,1168,236,113,1990,18.720082624,60171.5
182,61,Korg,1110,380,53,1982,8.3385642,56909.5
183,48,Nord,919,212,85,2015,14.55657402,54168.5
184,88,Korg,1307,290,90,2012,33.328107900000006,75535.5
185,76,Casio,1271,120,69,2010,8.85058308,58131.5
186,37,Casio,762,270,120,2009,8.4188808,28061.5
187,73,Korg,1260,145,95,2006,7.7236425,66857.5
188,48,Casio,790,368,42,1981,5.0672496,37112.5
189,25,Korg,592,216,96,1980,5.818687488,24371.0
190,88,Korg,1472,134,93,2014,13.244414208,77703.0
191,25,Korg,448,209,65,2001,5.544418879999999,20656.5
192,88,Nord,1471,173,69,2016,6.935934165,93482.5
193,73,Casio,1188,259,137,1995,38.486423052,54879.5
194,25,Nord,443,126,50,2011,1.8168758999999999,35866.5
195,48,Nord,759,346,150,2009,25.8806097,56055.5
196,76,Korg,1275,149,65,1998,5.1863175,69710.0
197,76,Korg,1149,256,105,1982,9.8832384,70560.0
198,48,Nord,694,389,58,2006,15.579737860000002,53182.5
199,88,Casio,1270,169,83,2013,11.36551702,70417.0
200,76,Korg,1143,261,149,1998,26.181124803,68273.5
201,61,Nord,961,378,107,1999,19.04561694,68915.0
202,37,Casio,769,272,45,2010,9.346672080000001,22519.5
203,25,Nord,581,201,111,1997,8.68500297,35705.0
204,61,Casio,1021,249,74,2010,17.251471482,44285.5
205,61,Casio,1079,322,45,1990,9.64661607,46835.5
206,73,Nord,1122,391,128,1985,53.121547776,75599.0
207,88,Korg,1464,336,142,2016,42.678574848,78646.5
208,76,Nord,1153,221,98,2005,19.752594134,79556.5
209,48,Casio,934,133,44,2010,2.5470478880000003,36679.0
210,37,Nord,625,185,150,1980,11.4815625,46333.0
211,76,Nord,1277,245,110,1981,27.53212,79480.0
212,76,Casio,1252,178,103,2015,22.908259664,56797.0
213,88,Korg,1295,291,70,2018,19.4150544,77584.0
214,37,Korg,681,258,51,1995,5.663097936,33588.0
215,25,Casio,580,313,72,2015,6.4700856,16192.5
216,76,Korg,1344,271,140,1983,41.45597568,66369.5
217,48,Korg,857,251,75,1982,11.5512459,42554.0
218,61,Casio,1089,159,48,1980,7.93724184,43962.5
219,76,Casio,1147,120,115,2008,4.9543518,62619.5
220,25,Korg,520,120,81,2017,4.245696,21260.0
221,88,Casio,1437,231,75,1987,9.1617372,72712.0
222,37,Korg,629,229,119,1987,16.763779662,30647.0
223,73,Casio,1035,234,138,2020,20.253865320000003,57489.0
224,61,Casio,1079,174,57,1992,6.870377124,46623.0
225,37,Korg,593,211,89,2003,5.701604864,34608.0
226,37,Casio,638,262,52,2018,4.224366432,26829.0
227,76,Nord,1285,197,37,1983,4.17739879,82489.0
228,88,Nord,1400,387,59,2014,18.7641594,91850.5
229,76,Korg,1337,125,81,1996,6.836248125,68987.5
230,37,Nord,652,283,44,1985,5.187851855999999,46528.5
231,48,Nord,926,248,126,1997,18.460943424,56217.0
232,76,Korg,1111,356,87,2001,20.026557143999998,68333.0
233,73,Nord,1160,242,41,1987,7.78043552,77894.0
234,61,Nord,979,267,84,2007,8.058223404000001,69960.5
235,61,Korg,1089,334,45,2017,10.88450055,54427.5
236,61,Nord,900,381,70,1999,8.88111,69935.0
237,37,Casio,664,390,127,1980,25.91568096,24262.0
238,25,Casio,581,292,42,1989,2.70764592,17170.0
239,37,Casio,597,238,61,2018,7.982533566,23131.5
240,88,Korg,1432,323,137,1982,39.794747296000004,78502.0
241,25,Nord,615,286,69,2014,11.27472489,33503.5
242,73,Nord,1262,129,88,1996,12.435162432,76262.0
243,37,Korg,739,391,88,1986,9.15390432,35900.0
244,61,Korg,871,395,57,1988,12.923362335,54478.5
245,76,Nord,1211,212,97,1981,13.721555204,81596.5
246,88,Casio,1285,159,105,2014,10.404741374999999,71717.5
247,48,Casio,915,232,89,1989,15.13322892,33831.5
248,25,Nord,414,180,70,2015,3.7714572000000004,35254.5
249,61,Casio,1044,159,110,1985,12.562577280000001,46232.0
250,73,Nord,1224,180,66,2013,14.01763968,75446.0
251,61,Korg,897,134,105,2001,5.6793555,56255.0
252,76,Korg,1317,211,84,2008,13.001776956,68545.5
253,48,Korg,721,322,50,2014,7.684562199999999,43013.0
254,37,Korg,727,174,147,2010,15.43402098,31905.0
255,88,Casio,1444,308,54,2001,23.392176191999997,67561.0
256,25,Korg,442,388,80,2018,12.78674176,20478.0
257,88,Nord,1259,176,67,2018,5.433682848,93729.0
258,76,Nord,1119,226,63,1981,7.281071153999999,82395.5
259,37,Korg,589,134,56,1985,3.787816592,31675.5
260,48,Casio,805,276,74,1994,5.27766372,37911.5
261,76,Nord,1314,378,96,2016,41.006891519999996,78970.0
262,37,Nord,774,389,99,2009,20.239302006,46188.5
263,25,Casio,472,154,109,2007,4.444798512,15631.5
264,76,Casio,1190,280,89,1981,14.1453396,61225.5
265,76,Korg,1198,382,100,1984,43.3838928,65222.0
266,76,Korg,1118,281,147,1999,15.563073162,70415.5
267,25,Korg,636,378,87,1989,14.850002159999999,22365.0
268,73,Korg,1101,306,111,2007,34.21785789,62862.5
269,48,Nord,931,129,150,1986,12.30414255,55834.5
270,76,Korg,1225,140,142,1984,15.902509,67729.5
271,37,Korg,670,234,121,1984,7.2277147799999995,35721.5
272,48,Casio,741,326,144,2017,28.176258240000003,33755.0
273,61,Nord,1110,198,73,1995,8.35889274,68651.5
274,73,Casio,1120,244,131,2012,28.96194112,55763.5
275,88,Casio,1421,293,86,1980,31.223144176,68428.0
276,48,Korg,871,341,35,1985,9.886011135,40556.5
277,88,Korg,1444,332,44,2020,19.532999552,75969.0
278,88,Korg,1262,144,94,2019,12.333515904,77703.0
279,25,Korg,419,334,119,2009,16.137313206,20163.5
280,73,Nord,1055,358,59,2014,8.423242380000001,80427.0
281,88,Korg,1379,354,148,2019,38.725232448,79284.0
282,37,Casio,615,167,125,2011,7.21502625,26183.0
283,37,Nord,596,266,137,1982,16.789120936,45389.5
284,61,Casio,920,124,96,2000,4.84064256,48323.0
285,61,Nord,974,252,58,1983,4.34197512,70487.5
286,37,Nord,738,398,104,1986,26.056843488000002,44709.5
287,61,Nord,1038,387,59,2005,13.0353597,68405.0
288,73,Casio,1085,199,35,1988,7.4663407,54242.0
289,48,Korg,920,168,130,1999,8.4188832,45078.5
290,25,Nord,421,370,105,2004,12.037905600000002,35144.0
291,73,Korg,1143,328,93,2006,18.513884232,66126.5
292,88,Korg,1432,376,134,1992,64.21340031999999,76275.0
293,76,Casio,1225,388,74,2019,28.9467206,58284.5
294,88,Casio,1302,362,99,1982,44.374683276000006,67756.5
295,76,Korg,1277,183,106,2010,13.74804153,68562.5
296,25,Korg,446,384,50,2000,5.6774016,22764.5
297,48,Korg,862,201,40,1995,5.9324908800000005,41364.0
298,37,Korg,574,135,50,1987,1.2514635,36214.5
299,61,Korg,914,242,73,1980,15.807642796000001,51758.5
300,25,Nord,532,325,89,1993,14.6648593,33299.5
301,48,Nord,887,225,86,2018,6.47062065,58435.5
302,37,Casio,642,281,122,1981,6.800794595999999,28333.5
303,76,Casio,1167,253,63,2013,13.243778856,59228.0
304,61,Casio,1004,173,124,1993,8.916652511999999,48561.0
305,76,Nord,1231,313,115,1983,32.922214835,79964.5
306,61,Nord,975,352,142,1987,39.718536,66152.5
307,88,Casio,1433,340,61,2008,12.86894186,72159.5
308,61,Casio,1038,150,89,2017,5.8339232999999995,48501.5
309,88,Casio,1484,165,90,1990,11.0848122,71564.5
310,76,Korg,1113,296,111,1980,34.00891704,65375.0
311,37,Korg,634,279,70,1995,5.29950456,35322.0
312,37,Korg,588,195,121,2002,4.96684188,35917.0
313,25,Casio,603,349,48,1980,4.111292592,16940.5
314,25,Korg,538,275,137,1983,11.6344921,23521.0
315,25,Nord,507,176,80,1983,4.98985344,35458.5
316,73,Casio,1103,309,108,1997,11.705362488,59937.0
317,48,Korg,924,276,121,2006,18.82332144,43455.0
318,76,Casio,1100,139,66,1984,8.8198836,57851.0
319,61,Nord,943,275,84,1984,20.9991012,64886.0
320,37,Korg,613,214,71,2007,8.326646268000001,31361.0
321,61,Korg,955,201,120,1980,12.761168399999999,55371.0
322,48,Nord,690,156,129,1987,11.09456244,54848.5
323,73,Casio,1052,336,137,1991,42.372456,55202.5
324,88,Korg,1439,296,122,2007,18.239773967999998,80856.5
325,48,Korg,756,217,106,2005,16.815658104,40420.5
326,48,Korg,781,340,80,2007,7.7750112,45529.0
327,73,Korg,1056,360,42,2006,10.63383552,64979.0
328,37,Nord,634,127,143,2020,3.7881303459999995,49163.5
329,37,Korg,567,368,86,1992,10.981982592000001,33758.0
330,37,Korg,758,271,40,1989,5.49698568,33273.5
331,25,Nord,421,237,83,2016,4.05793059,37235.0
332,48,Casio,839,382,141,1980,42.117283176,32718.0
333,37,Nord,793,304,39,2017,4.60688592,47795.0
334,76,Korg,1186,319,94,1989,18.635219504,68826.0
335,76,Casio,1321,164,97,1988,8.258685924,61939.5
336,73,Casio,1194,205,134,1999,19.909102259999997,57480.5
337,37,Korg,617,122,76,1996,5.000000176,31531.0
338,76,Casio,1150,380,50,2009,12.47635,60426.5
339,48,Korg,918,310,35,2008,3.9940803,45231.5
340,61,Korg,869,336,75,2020,7.1828064,57292.0
341,61,Nord,1080,252,146,2002,38.18568096,64911.5
342,37,Casio,795,358,38,1992,9.409206600000001,23565.0
343,76,Nord,1216,280,60,1987,11.3788416,81545.5
344,61,Casio,1052,313,77,2016,10.623431588,48518.5
345,73,Casio,1105,126,149,1983,7.36457085,59622.5
346,61,Casio,868,214,92,2014,9.587032224,47311.5
347,88,Korg,1284,179,142,2000,17.78700804,79207.5
348,73,Nord,1079,147,103,2011,11.566694412,77622.0
349,48,Korg,740,206,89,2006,6.89211728,44322.0
350,76,Casio,1140,178,101,1989,11.82556884,60375.5
351,61,Korg,893,157,140,2013,19.29446162,51724.5
352,76,Casio,1246,386,106,2012,47.004791792,57443.0
353,61,Nord,932,341,116,1984,20.976863248,68243.5
354,88,Nord,1292,125,146,1989,16.5053,90890.0
355,61,Nord,956,291,93,2007,14.566064364,68294.5
356,88,Nord,1495,275,114,1999,42.50950275,89130.5
357,37,Nord,560,211,52,1982,3.5637056,47030.0
358,37,Casio,787,151,42,2013,2.226054684,27169.0
359,48,Nord,753,206,43,1993,5.489470902,54644.5
360,37,Casio,780,221,101,1984,8.74001076,26693.0
361,25,Korg,454,372,124,2009,14.261578272,22611.5
362,76,Korg,1109,288,109,1985,25.518462624,67049.5
363,25,Korg,622,340,79,2020,14.30112352,21124.0
364,61,Nord,898,342,73,1989,9.550693368000001,69459.0
365,25,Nord,457,163,108,2013,7.377290675999999,33605.5
366,37,Nord,709,282,45,1985,5.9381586,46350.0
367,25,Casio,645,162,110,1991,4.482621,17085.0
368,76,Korg,1321,283,68,1995,20.438744495999998,66446.0
369,88,Casio,1347,247,93,1990,20.514504231,70204.5
370,76,Nord,1267,332,147,2011,35.925942108,81341.5
371,37,Casio,722,343,144,1981,23.999869152,25239.5
372,37,Casio,672,286,132,1998,17.479478015999998,25103.5
373,48,Casio,808,154,127,1999,8.37551792,36135.0
374,61,Casio,1077,379,92,2006,30.455349996,45186.5
375,61,Casio,888,217,52,1987,4.4890460160000005,48272.0
376,37,Nord,759,204,38,1987,1.9592947440000001,49129.5
377,25,Casio,450,249,104,1993,7.2482904,15113.0
378,48,Casio,894,205,67,1982,6.39740589,36211.5
379,25,Casio,585,234,56,1989,5.52707064,14271.5
380,76,Nord,1325,332,110,1980,34.452968,80228.0
381,76,Nord,1251,265,144,2013,26.39920248,81579.5
382,25,Nord,480,239,70,1991,4.5933888,36538.0
383,76,Nord,1213,130,106,2018,14.84304432,78732.0
384,25,Nord,445,132,149,2009,3.01077744,38476.0
385,48,Korg,747,396,141,1984,15.557640516000001,45469.5
386,88,Casio,1499,144,117,2012,11.036501423999999,72125.5
387,48,Casio,885,359,121,2008,15.223631939999999,37274.0
388,48,Korg,760,355,83,2006,10.1442102,44789.5
389,73,Korg,1050,172,90,1992,5.2500420000000005,67894.5
390,25,Casio,600,281,127,2004,17.450943,13472.5
391,48,Korg,727,391,52,2005,14.441392628,40335.5
392,73,Casio,1074,155,68,2011,5.1392618400000005,58781.0
393,48,Casio,693,180,86,1997,6.07184424,35829.0
394,37,Korg,631,361,50,2006,5.9453451,34523.0
395,48,Korg,720,327,64,2016,9.38746368,43344.5
396,48,Nord,930,280,112,2000,16.332288000000002,56880.0
397,37,Korg,627,279,130,2004,9.30118761,35483.5
398,48,Korg,890,281,69,2002,12.52800846,42469.0
399,48,Nord,728,238,100,2001,6.0122608,58690.5
400,88,Casio,1457,373,130,2010,42.60190779,70714.5
401,25,Korg,400,203,57,2000,3.5499828000000004,21880.5
402,73,Casio,1208,325,66,2006,24.356904,54650.0
403,48,Korg,812,234,90,2016,10.03812264,43650.5
404,76,Korg,1155,181,89,2009,14.605627575,66607.5
405,37,Nord,778,291,57,2011,6.607199232,47608.0
406,76,Korg,1199,354,131,2018,23.297416494,69718.5
407,88,Nord,1490,314,94,2006,35.6228604,89955.0
408,73,Korg,1197,153,121,2014,21.162858255000003,62522.5
409,73,Nord,1196,273,139,2018,26.368459572,78701.5
410,25,Casio,551,373,116,1990,10.203805904,16762.0
411,76,Nord,1136,154,78,2014,11.87169984,78885.0
412,61,Korg,981,390,86,1983,17.20813302,55634.5
413,73,Nord,1224,301,106,1998,23.509872288,78523.0
414,61,Korg,899,220,37,2001,4.0467765799999995,55379.5
415,88,Nord,1346,283,99,1983,31.224610296,89802.0
416,73,Korg,1068,357,78,1997,20.550013848000003,64766.5
417,25,Casio,623,348,98,1999,17.252395104,13498.0
418,25,Casio,413,283,143,1994,14.574343784,12988.0
419,25,Nord,465,160,81,2014,4.6463544,34846.5
420,25,Korg,457,184,71,2009,2.095557048,25416.5
421,73,Nord,1149,152,97,2009,8.233256016,79509.0
422,25,Korg,551,267,137,1986,10.541080167,23954.5
423,48,Casio,828,216,147,1985,17.772483456,34894.0
424,25,Casio,464,234,118,2004,7.482189312,15436.0
425,88,Nord,1488,364,106,2000,55.460950272000005,88629.0
426,25,Casio,466,369,99,2006,15.15086694,12835.0
427,73,Casio,1251,225,89,1993,18.913712625000002,56222.5
428,37,Nord,546,172,61,2003,4.273559472,45619.0
429,48,Nord,915,362,99,1998,26.00387361,54899.5
430,61,Casio,920,235,112,1984,17.8460128,45815.5
431,48,Casio,782,250,44,2003,6.296664,34418.0
432,88,Korg,1280,321,92,2001,18.711475200000002,79632.5
433,25,Casio,480,125,54,2005,2.2064399999999997,14611.5
434,48,Casio,910,336,61,2001,14.43615264,34061.0
435,76,Korg,1245,191,148,1981,14.429400600000001,69795.0
436,61,Casio,1038,205,117,1989,14.4399294,47150.0
437,48,Korg,832,274,140,1985,30.000588800000003,40650.0
438,73,Korg,1126,147,130,2016,19.30152042,63015.5
439,25,Nord,541,127,141,2013,3.58444419,38255.0
440,61,Korg,872,358,115,1999,19.70923176,55413.5
441,48,Korg,801,281,76,2014,5.696349948,45809.5
442,25,Casio,433,240,122,2018,3.89221968,17790.5
443,76,Casio,1278,156,94,2018,15.929503200000001,58055.0
444,37,Korg,732,320,60,2005,9.4023936,33273.5
445,88,Korg,1269,378,65,1990,20.07948852,78366.0
446,76,Nord,1100,179,41,1988,7.26561,78630.0
447,25,Nord,484,169,46,2015,1.1965118879999999,38697.0
448,76,Nord,1349,307,87,2007,35.886319236000006,77814.0
449,48,Casio,798,261,121,1992,23.790346271999997,32616.0
450,25,Nord,385,178,132,2019,3.01230468,38569.5
451,76,Casio,1269,220,141,2018,22.752611639999998,60367.0
452,73,Casio,1073,308,88,2017,10.207989792000001,59656.5
453,48,Nord,853,387,62,1995,14.367751164,55673.0
454,73,Korg,1187,244,131,2008,23.447703624,65387.0
455,76,Nord,1259,323,73,1980,10.211970584,83356.0
456,25,Nord,583,305,67,1980,7.303039865000001,36189.5
457,37,Nord,800,223,113,1990,8.164475999999999,48517.5
458,61,Casio,1117,128,92,1983,11.036031487999999,44948.5
459,88,Korg,1462,368,124,1989,49.301634176,77558.5
460,76,Nord,1324,215,49,1986,7.1136534000000005,81945.0
461,61,Korg,992,364,65,2004,10.42099968,56306.0
462,61,Nord,973,301,150,1995,24.469539150000003,68345.5
463,73,Casio,1051,230,95,1988,7.23377025,59962.5
464,25,Nord,581,397,106,2013,15.549972312,35994.0
465,76,Nord,1137,190,63,2004,6.08362083,82480.5
466,48,Nord,704,384,77,2016,6.890053632,58826.5
467,73,Korg,1115,189,107,2013,12.266462879999999,66016.0
468,25,Nord,418,351,43,2017,3.148128126,37158.5
469,37,Casio,562,123,48,2008,1.486485504,27152.0
470,25,Nord,485,335,87,1985,10.163298675,35288.5
471,88,Casio,1318,232,52,2016,15.66184672,67467.5
472,88,Korg,1378,235,120,1985,25.375318800000002,78289.5
473,48,Casio,694,226,118,2009,7.069900144,37393.0
474,37,Korg,603,286,120,2008,17.30098656,31854.0
475,61,Nord,974,200,36,2019,2.384352,70190.0
476,25,Nord,625,252,124,2019,6.4449,38595.0
477,76,Casio,1340,120,92,2005,11.2579296,58811.5
478,73,Korg,1269,125,145,1991,14.421391875,65310.5
479,88,Korg,1355,293,136,2016,22.24554448,80338.0
480,37,Casio,625,224,105,1997,8.0556,26302.0
481,37,Nord,734,348,112,1992,19.3106592,46222.5
482,48,Korg,889,129,81,2004,5.945063040000001,43200.0
483,76,Nord,1263,292,62,1988,12.667405008,81571.0
484,76,Casio,1348,358,44,1982,15.967739392,58888.0
485,48,Casio,762,397,49,2011,10.405876572,34673.0
486,88,Nord,1424,245,84,1999,12.660157439999999,93168.0
487,73,Casio,1067,226,35,2001,3.10590896,59512.0
488,73,Korg,1054,122,99,2007,7.077997872,65914.0
489,37,Nord,571,205,81,1992,9.1021968,43800.0
490,73,Nord,1070,311,125,1994,34.94085,76500.0
491,88,Nord,1485,268,106,2008,27.2098926,91357.5
492,76,Casio,1237,252,134,2016,19.799461584,61251.0
493,73,Nord,1154,129,122,2016,7.2828224520000004,80231.5
494,73,Casio,1183,377,56,2019,19.930445807999998,55857.0
495,76,Casio,1254,319,139,2006,42.592368324,58769.0
496,73,Korg,1045,381,74,1988,11.54939016,67308.0
497,73,Nord,1060,183,113,1988,16.19868786,77358.5
498,88,Nord,1312,253,143,1999,36.881740896,90235.5
499,61,Korg,1089,275,111,2004,11.967020999999999,57020.0
500,37,Casio,629,243,52,1996,3.687892416,27016.0
501,37,Korg,763,191,68,2011,4.499069176,35101.0
502,48,Korg,699,330,114,2001,16.75079406,43225.5
503,73,Nord,1043,339,114,2001,14.188337856,80648.0
504,76,Nord,1274,377,137,1991,47.44239554600001,80151.5
505,88,Nord,1492,223,116,1981,19.915048896000002,92454.0
506,73,Casio,1076,364,63,2001,12.21404184,58432.5
507,73,Casio,1207,334,64,1998,16.280324992,57276.5
508,61,Nord,918,321,69,1991,7.4214654300000005,69977.5
509,25,Korg,559,278,130,2005,14.16178426,22441.5
510,88,Casio,1506,199,89,1999,12.296145126,71921.5
511,88,Nord,1498,398,104,2017,51.836360576000004,89734.0
512,37,Nord,610,224,117,1981,6.0910012799999995,48721.5
513,48,Korg,777,384,84,1987,23.734577664,40590.5
514,76,Nord,1187,176,68,1998,10.626099968,79922.0
515,88,Casio,1387,301,44,2009,6.815057788,72686.5
516,61,Nord,1093,227,56,1988,4.3488896079999995,70419.5
517,76,Casio,1232,324,128,1996,21.868019712,61642.0
518,25,Casio,565,124,132,1991,3.9581097599999997,16762.0
519,73,Korg,1102,381,98,1987,30.777564048000002,64282.0
520,37,Nord,731,313,35,1981,3.1712095799999998,48594.0
521,73,Casio,1118,121,105,2013,11.54800647,55729.5
522,76,Korg,1244,311,96,2007,15.190613376000002,69803.5
523,48,Nord,827,157,101,2013,5.520884119,58061.5
524,25,Korg,439,129,77,2014,3.061132074,22433.0
525,37,Casio,780,332,60,2020,10.6121808,25154.5
526,73,Nord,1116,338,135,1997,46.289079720000004,75913.5
527,61,Casio,1111,187,92,1980,15.462937995999999,45203.5
528,88,Korg,1396,142,44,2014,5.5734909120000005,78408.5
529,61,Nord,1092,189,123,2005,16.551492048,67538.0
530,73,Korg,1245,197,89,2017,19.492926405000002,63049.5
531,73,Korg,1078,354,95,2008,20.04798642,65939.5
532,25,Casio,571,221,103,1999,4.237241398,17629.0
533,88,Nord,1274,209,44,2018,6.771676912,91927.0
534,73,Casio,1038,260,101,2004,10.4942838,59367.5
535,73,Nord,1196,170,106,2018,15.15099976,77664.5
536,76,Casio,1296,303,150,1985,17.67096,62730.0
537,37,Casio,624,297,87,1996,6.175314288,27704.5
538,73,Nord,1158,329,64,2015,16.604719488,77851.5
539,25,Casio,387,324,145,1983,10.29059316,15589.0
540,76,Nord,1256,147,47,2014,8.235141096,78213.5
541,88,Korg,1469,333,127,1989,34.603891802999996,79105.5
542,48,Casio,732,394,74,2017,17.351202095999998,33729.5
543,37,Nord,595,212,127,2000,12.4153295,45372.5
544,25,Nord,517,356,141,1990,18.8147157,35237.5
545,37,Korg,678,255,111,1989,14.25875697,32644.5
546,61,Korg,971,388,128,2011,43.16025088,52472.5
547,25,Korg,603,338,99,1985,6.7594913100000005,25552.5
548,61,Korg,913,144,85,2018,4.9729284,56297.5
549,76,Korg,1306,371,66,1997,21.777505595999997,67491.5
550,25,Nord,502,166,87,1987,3.501693972,37294.5
551,37,Casio,696,187,72,1984,8.864913024000002,22919.0
552,48,Casio,943,353,63,1996,17.091672255,33712.5
553,37,Casio,649,387,59,1998,7.172210627999999,26846.0
554,88,Korg,1413,386,75,1980,30.39341805,77524.5
555,76,Nord,1356,197,61,1996,11.716142388,80168.5
556,48,Korg,749,142,105,2001,9.793976429999999,41185.5
557,88,Nord,1448,382,131,1980,34.129044336,92836.5
558,37,Korg,800,368,122,1998,25.3572608,32959.0
559,88,Casio,1508,175,94,2015,12.775399,71462.5
560,88,Korg,1501,255,60,1989,8.1756468,80814.0
561,48,Casio,822,232,149,2008,12.474139344,36908.5
562,76,Casio,1137,222,82,2003,18.876528576000002,57528.0
563,48,Korg,823,398,87,2020,22.142322846000003,42035.5
564,73,Casio,1029,193,84,2007,13.562586324000002,55729.5
565,76,Nord,1342,350,74,1988,31.977176,78460.0
566,88,Korg,1404,286,45,1989,14.31102816,77108.0
567,37,Casio,760,321,96,2010,10.609332479999999,27109.5
568,76,Casio,1306,307,140,1985,53.998868560000005,57103.0
569,48,Korg,732,259,108,1989,12.367204416,43506.0
570,76,Casio,1330,232,150,2015,26.6133,60392.5
571,73,Korg,1256,282,146,1980,19.236875903999998,67478.0
572,48,Nord,804,394,75,1980,13.185801,56922.5
573,88,Casio,1410,308,59,2001,13.68242568,71301.0
574,48,Korg,728,274,89,1998,7.27873328,45155.0
575,76,Nord,1115,362,56,1997,19.82307656,78825.5
576,88,Nord,1260,273,86,1999,17.8972794,91697.5
577,48,Casio,917,349,94,2020,12.273905616,37172.0
578,61,Casio,982,223,86,2000,17.778159424,44056.0
579,25,Nord,393,182,38,1989,2.0738248440000002,34914.5
580,25,Casio,616,290,89,2018,8.79212488,15699.5
581,88,Casio,1364,122,58,1980,4.777573680000001,71632.5
582,25,Casio,565,335,82,1990,13.006220899999999,13277.0
583,73,Korg,1168,154,98,1986,9.730355712,65948.0
584,25,Korg,569,149,41,1987,1.1575149930000002,25569.5
585,37,Korg,797,135,58,2020,5.01112953,32134.5
586,37,Nord,640,252,134,1983,20.57416704,43868.0
587,25,Casio,416,356,64,1994,8.189116416000001,13056.0
588,76,Casio,1186,179,86,2007,8.087976811999999,61514.5
589,73,Casio,1056,212,145,2015,24.93038592,56112.0
590,25,Korg,583,266,49,1980,3.123115842,24906.5
591,73,Nord,1107,242,142,2012,31.497904944,76602.0
592,25,Nord,547,380,97,2003,13.56930866,35679.5
593,88,Casio,1493,254,46,2000,12.612165276,69694.5
594,88,Casio,1432,286,91,1997,28.846385568,69261.0
595,48,Casio,938,236,125,1984,8.716365,37962.5
596,88,Casio,1421,204,100,2013,17.39304,70740.0
597,88,Nord,1437,365,109,1994,26.41302279,92913.0
598,48,Casio,779,379,87,2006,10.043213097,37316.5
599,48,Nord,872,325,98,1982,15.525218800000001,56888.5
600,73,Casio,1197,186,40,2006,7.703413199999999,55287.5
601,73,Nord,1167,151,132,2018,10.025337564,79976.5
602,37,Casio,546,387,58,1991,12.047172227999999,22604.5
603,88,Casio,1404,369,89,2004,14.339825604000001,73196.5
604,61,Korg,1082,167,85,2006,13.33160332,52702.0
605,73,Casio,1160,314,108,1980,34.53869376,55177.0
606,61,Nord,939,214,147,1987,24.428804274,66050.5
607,88,Nord,1459,163,133,2005,29.510473713000003,88909.5
608,48,Korg,828,202,35,2011,5.36808132,40845.5
609,25,Korg,531,220,56,1998,3.34946304,24048.0
610,73,Casio,1060,170,136,1986,14.1651616,57727.0
611,73,Casio,1029,390,63,2020,11.45298609,58789.5
612,88,Casio,1307,244,52,1987,13.730902848000001,68802.0
613,73,Casio,1256,213,91,1992,16.043386632,57038.5
614,48,Nord,690,367,94,1989,11.5447557,57517.5
615,76,Nord,1141,290,54,2010,13.508253360000001,79854.0
616,88,Korg,1385,126,63,2016,3.5730922499999997,81077.5
617,25,Nord,405,374,58,2018,5.0427392399999995,36521.0
618,61,Nord,1098,380,57,1985,12.03403608,68779.0
619,25,Casio,448,147,134,2016,4.562371968,16005.5
620,48,Casio,809,309,73,2007,17.847143514,32327.0
621,37,Casio,695,399,62,2008,10.298553089999999,25868.5
622,37,Casio,770,300,44,1994,5.102328,26693.0
623,37,Korg,724,164,132,2013,12.350443775999999,32262.0
624,61,Casio,930,280,98,1994,8.5234128,49241.0
625,25,Nord,604,278,78,1998,8.748886848,35722.0
626,73,Nord,1253,148,103,2017,13.064900688,77826.0
627,88,Korg,1462,217,91,2014,18.390262617999998,78425.5
628,73,Nord,1144,179,127,1991,9.88248976,80410.0
629,37,Casio,706,359,36,1985,3.83222448,27390.0
630,73,Korg,1203,127,61,1989,6.24415947,64945.0
631,37,Casio,667,216,109,1998,7.270881623999999,27024.5
632,76,Korg,1296,205,125,1991,19.79316,68214.0
633,88,Korg,1441,133,48,1999,7.26748176,77125.0
634,25,Korg,451,219,129,1990,6.268670892,24218.0
635,25,Korg,533,204,47,2001,2.943592704,23504.0
636,73,Casio,1280,258,81,1983,8.88081408,59818.0
637,76,Nord,1103,314,95,1989,21.485325969999998,80729.5
638,25,Casio,602,350,149,2010,29.3850648,12444.0
639,48,Casio,886,379,95,1995,26.98776378,33449.0
640,76,Korg,1154,265,38,1988,5.45014582,69293.5
641,76,Nord,1296,388,55,2011,17.5619664,80882.5
642,48,Korg,746,128,125,1991,11.291456,40599.0
643,61,Nord,1102,225,124,2002,12.3905574,69654.5
644,88,Casio,1362,178,51,1993,6.342853068,71479.5
645,61,Korg,1045,142,102,2020,9.27823314,54869.5
646,61,Casio,1104,145,141,2006,12.59477424,47337.0
647,37,Casio,627,329,129,2007,26.557285986,22477.0
648,48,Nord,731,347,92,2003,12.48499754,57092.5
649,76,Korg,1273,211,128,2011,13.511805312000002,69939.5
650,37,Casio,756,262,95,2011,11.27128716,25868.5
651,25,Casio,565,166,105,1989,8.34121365,13200.5
652,76,Korg,1121,360,131,1980,42.87461796,66386.5
653,48,Casio,922,147,146,2002,14.939912820000002,34222.5
654,25,Casio,563,196,96,1987,9.0043968,13175.0
655,61,Korg,1064,352,141,2005,36.9659136,54130.0
656,25,Casio,402,330,136,2001,13.13440128,14212.0
657,61,Casio,903,228,83,1981,11.671358076,46274.5
658,48,Casio,787,213,91,2014,7.444157448,36492.0
659,61,Korg,932,342,136,1981,20.764259136,56008.5
660,88,Korg,1394,125,45,1990,3.293325,80270.0
661,88,Korg,1401,385,77,1999,13.165848465,81145.5
662,25,Korg,642,314,72,2018,9.797176799999999,22662.5
663,37,Nord,588,300,93,2006,11.270372400000001,46120.5
664,48,Korg,898,144,128,1982,13.009821696,41959.0
665,88,Korg,1463,180,141,1980,34.7174289,75892.5
666,76,Casio,1186,183,105,2009,8.27240337,62194.5
667,76,Korg,1114,354,79,2010,20.935571327999998,67568.0
668,37,Nord,703,217,42,2008,5.260263582,44981.5
669,76,Korg,1295,277,44,2013,15.01007046,65196.5
670,37,Nord,715,222,90,2001,13.4571294,43953.0
671,73,Korg,1065,161,107,2020,13.301397374999999,64477.5
672,48,Casio,720,368,93,1981,15.45008256,35310.5
673,73,Korg,1056,338,64,2018,11.604443136,66322.0
674,73,Korg,1102,342,148,1991,45.069296256,63772.0
675,73,Korg,1061,334,147,1997,20.472540354,67299.5
676,48,Nord,778,121,149,1985,9.257530919999999,56030.0
677,73,Casio,1285,259,45,1983,11.2624596,56248.0
678,76,Casio,1288,280,119,1985,28.710911040000003,59593.5
679,76,Nord,1204,360,65,2004,23.665824,79140.0
680,88,Casio,1260,219,36,1996,5.5927519199999995,71054.5
681,76,Korg,1287,184,139,1999,23.666828328,67168.5
682,25,Korg,460,397,61,1996,10.71650684,20223.0
683,61,Nord,915,185,54,1994,7.733159100000001,65889.0
684,25,Casio,394,312,62,2007,6.653600928,12979.5
685,76,Nord,1302,187,76,2004,5.810263536,83611.0
686,76,Casio,1257,391,58,1998,9.12199872,62560.0
687,37,Nord,694,336,70,1989,5.3049360000000005,49197.5
688,37,Casio,628,195,111,1993,5.17895586,27721.5
689,37,Korg,654,274,98,1988,13.487007744,32432.0
690,76,Casio,1204,313,95,2000,23.95082886,59593.5
691,48,Nord,844,164,73,2019,4.920827216,57500.5
692,37,Casio,571,150,91,2002,5.424728399999999,25044.0
693,76,Casio,1181,366,133,2015,55.706567742000004,57043.5
694,61,Nord,1001,273,125,1980,32.45116875,65005.0
695,25,Casio,615,126,130,2019,3.1530681,17739.5
696,48,Korg,935,343,75,2006,21.551376,41024.0
697,73,Casio,1167,154,79,1985,9.512473739999999,56945.0
698,88,Nord,1384,148,140,2015,23.2279488,89955.0
699,88,Nord,1391,157,74,1997,5.429974368000001,93984.0
700,48,Nord,713,400,36,2011,9.733305600000001,53582.0
701,76,Nord,1208,369,74,1990,16.393867056,82055.5
702,48,Nord,720,352,129,1980,24.847257600000002,55180.0
703,25,Casio,638,254,74,2012,8.430269144,14424.5
704,73,Korg,1176,298,111,1998,15.871089024,67172.0
705,48,Nord,695,378,120,1990,15.478873200000002,57466.5
706,48,Korg,802,188,122,2013,11.202355248,43463.5
707,61,Casio,1046,258,84,1982,7.59408552,49232.5
708,76,Casio,1207,209,52,1999,10.585964532,58420.5
709,25,Korg,425,303,61,2005,5.16877095,22807.0
710,48,Nord,847,390,141,2017,29.8089792,56200.0
711,48,Korg,849,335,37,2008,8.555487615,41729.5
712,88,Nord,1492,327,100,2013,30.102442800000002,91595.5
713,73,Korg,1270,316,99,1984,30.870738359999997,64035.5
714,61,Korg,982,368,50,2004,17.111153599999998,52030.5
715,88,Nord,1363,361,133,2005,40.835632655999994,91536.0
716,88,Nord,1444,230,62,2019,7.14522968,93890.5
717,76,Korg,1327,349,38,2017,16.824332344000002,65154.0
718,88,Casio,1276,123,76,1993,4.95013992,72312.5
719,76,Nord,1277,356,129,2015,37.650056616,80823.0
720,48,Casio,871,233,110,2004,21.54239945,32437.5
721,73,Korg,1110,174,51,2014,4.40301258,66840.5
722,73,Nord,1155,310,108,2007,20.7654678,79075.5
723,73,Nord,1221,315,94,1980,13.12383303,80554.5
724,76,Nord,1357,270,110,2016,40.1819913,77805.5
725,73,Nord,1109,375,81,2012,24.658060499999998,77418.0
726,73,Korg,1143,163,149,1993,21.791632185,63967.5
727,48,Nord,755,122,74,1989,6.15497442,53964.5
728,48,Casio,806,267,105,1988,17.73802485,33967.5
729,88,Casio,1406,292,82,2015,30.97204288,68020.0
730,48,Nord,784,139,115,2013,4.8249124,58367.5
731,76,Korg,1302,370,41,1990,13.17414378,67610.5
732,25,Nord,632,224,140,1984,19.2249344,33155.0
733,76,Korg,1173,294,128,2012,31.561770239999998,67202.5
734,61,Casio,898,332,38,2002,5.347367296,48068.0
735,73,Korg,1030,194,85,2016,15.082413599999999,63092.0
736,48,Korg,743,321,149,1988,11.798266404,45818.0
737,61,Korg,921,374,87,1983,18.190271285999998,54920.5
738,73,Nord,1071,295,55,1992,8.427832875,79517.5
739,61,Casio,1099,209,124,2015,13.158538008,48153.0
740,73,Casio,1171,348,114,2008,14.215509072000001,60039.0
741,61,Korg,943,179,85,2015,11.99471482,52974.0
742,61,Korg,901,303,81,2000,13.422738501000001,54920.5
743,48,Casio,875,223,117,2002,16.277522625,34579.5
744,61,Nord,983,355,85,1992,26.8144706,65396.0
745,73,Nord,1187,155,138,1986,8.81030571,80690.5
746,61,Casio,899,287,60,1988,5.48019612,49071.0
747,61,Casio,976,143,112,1985,9.582180608,46869.5
748,48,Nord,840,308,98,2007,21.60208512,54398.0
749,88,Casio,1425,250,74,2018,25.0180125,67773.5
750,25,Nord,623,187,116,1990,10.446411668,34829.5
751,76,Casio,1248,182,116,2003,22.474652928,58029.5
752,88,Nord,1334,309,105,2009,18.04843971,93295.5
753,88,Nord,1287,333,57,2018,19.151980847999997,90176.0
754,76,Nord,1262,344,147,2016,32.54657616,81945.0
755,88,Casio,1411,285,126,1994,26.14520916,71454.0
756,37,Casio,588,255,39,2017,3.8360649600000003,25384.0
757,48,Korg,693,191,50,2020,4.36136085,43038.5
758,25,Korg,392,277,77,1982,3.5868552719999998,24753.5
759,48,Korg,883,224,125,2000,16.243668,43055.5
760,73,Nord,1214,395,67,2001,29.42971516,75854.0
761,76,Korg,1229,157,57,1990,8.512700454,66701.0
762,61,Casio,999,358,126,2008,41.45786064,44260.0
763,61,Nord,1053,126,99,1986,6.606966366,68804.5
764,73,Korg,1131,349,128,2003,33.800577408,64953.5
765,73,Casio,1106,290,40,2019,4.3748936,59741.5
766,61,Nord,961,193,108,1980,8.61336612,69425.0
767,25,Nord,606,376,47,2004,5.740148352,36844.0
768,76,Nord,1256,177,57,2012,6.031769184,82234.0
769,61,Korg,1103,279,133,1980,37.368196173,52319.5
770,88,Korg,1432,169,87,2002,11.664301584,79131.0
771,73,Casio,1104,323,107,2008,15.07136088,59282.5
772,76,Nord,1276,340,99,1994,32.98572288,79752.0
773,37,Korg,773,154,128,2004,9.401460992,33715.5
774,48,Casio,920,281,52,1982,13.41615392,32157.0
775,73,Korg,1140,225,109,1988,13.475997,66543.0
776,76,Nord,1305,240,101,2006,28.8178452,78536.5
777,88,Casio,1357,379,84,2007,32.83310352,69380.0
778,37,Casio,565,380,116,1990,11.4812972,27041.5
779,76,Nord,1216,174,50,2017,9.817497600000001,78392.0
780,61,Korg,1049,197,59,1988,6.974125444,55218.0
781,76,Korg,1206,201,124,1987,26.240934312,65859.5
782,25,Korg,634,149,83,2005,4.696566122,23308.5
783,48,Casio,689,195,38,2017,3.4206783,34945.0
784,76,Korg,1320,332,108,1991,14.198976,70730.0
785,48,Nord,781,183,111,1995,4.854522618,59039.0
786,88,Casio,1264,124,96,2003,6.530248704,72151.0
787,48,Korg,750,178,116,2011,11.800332,42163.0
788,76,Nord,1130,295,130,1983,23.921196,81588.0
789,73,Nord,1085,363,98,2007,26.20789941,77868.5
790,48,Nord,904,241,42,2016,4.721548608,57254.0
791,25,Nord,513,272,57,2020,6.060606623999999,34923.0
792,37,Korg,701,385,99,1985,17.04647637,33537.0
793,25,Korg,538,124,121,1984,2.768748136,25484.5
794,61,Korg,936,163,149,2020,19.640994048,52736.0
795,37,Casio,672,146,48,1984,3.08464128,25392.5
796,88,Korg,1451,138,148,2016,19.974140976,78111.0
797,61,Korg,920,182,104,2008,5.50274816,57394.0
798,48,Nord,696,361,36,2011,3.735674208,58129.5
799,88,Nord,1427,191,47,1994,9.786976756,90346.0
800,76,Casio,1257,230,134,1990,27.54466614,59236.5
801,76,Casio,1120,202,129,1981,27.5797872,57247.5
802,37,Korg,702,301,58,1992,10.037267604,31998.5
803,76,Korg,1335,123,43,1989,3.54452913,69013.0
804,25,Casio,594,317,81,1985,7.229513412,16371.0
805,61,Korg,1093,244,89,1995,16.519969248,54164.0
806,73,Nord,1194,342,113,2017,37.422235764,76746.5
807,25,Nord,588,394,147,1981,22.1362596,35875.0
808,88,Korg,1470,223,38,2001,8.63254854,77949.5
809,37,Korg,676,193,88,2008,7.279070656,33571.0
810,73,Korg,1070,341,104,2012,17.91073856,66628.0
811,73,Casio,1216,142,82,2001,9.34500864,57030.0
812,76,Nord,1350,128,131,1995,12.540787199999999,81571.0
813,48,Korg,913,163,41,2006,6.028360052,40242.0
814,76,Nord,1188,225,147,2004,28.448204399999998,80126.0
815,73,Korg,1103,369,45,1981,12.74745924,64724.0
816,37,Korg,728,342,52,2018,11.289567744000001,31548.0
817,37,Nord,723,381,114,2010,29.612823426,43944.5
818,88,Korg,1376,121,37,1996,3.26498656,79335.0
819,61,Casio,1035,330,59,2008,14.287378050000001,46053.5
820,37,Casio,603,245,40,1994,3.3742674000000004,26106.5
821,37,Casio,651,325,59,2004,10.772764275,23624.5
822,25,Nord,556,152,47,2009,1.664294816,37838.5
823,73,Nord,1268,376,146,1983,66.754194752,75488.5
824,73,Korg,1229,195,68,2017,15.1557822,62735.0
825,73,Casio,1162,230,139,1989,25.03852036,56911.0
826,61,Korg,1078,319,115,2015,39.34869785,51622.5
827,25,Nord,449,139,112,1987,6.6405304,33325.0
828,73,Nord,1266,361,144,2006,34.682789088,79160.5
829,73,Korg,1212,130,118,1993,12.86571936,64758.0
830,88,Nord,1350,144,80,2010,10.948608,90856.0
831,61,Casio,954,336,113,2013,24.521936544,46325.5
832,25,Casio,482,316,75,1999,9.5042688,13328.0
833,73,Korg,1236,137,81,2001,13.345562916,62369.5
834,73,Nord,1055,377,70,1981,20.7140388,77316.0
835,76,Casio,1234,309,145,1993,17.19499407,62636.5
836,76,Casio,1126,153,135,2004,18.02458575,58692.5
837,48,Casio,770,253,75,1986,5.9904075,37155.0
838,37,Nord,746,279,44,1991,6.648632496,45789.0
839,73,Nord,1195,374,51,1994,10.55335809,79704.5
840,37,Casio,654,331,120,1990,9.79328376,27755.5
841,37,Nord,735,160,114,2011,5.9256288,48203.0
842,37,Korg,705,235,73,1992,11.114638725,31148.5
843,76,Korg,1201,185,114,2016,7.62405609,70721.5
844,61,Nord,951,203,115,2017,19.958784405,65438.5
845,76,Casio,1203,296,66,2009,9.118701503999999,61982.0
846,37,Casio,584,361,120,1999,22.59189984,23369.5
847,73,Nord,1157,308,115,1989,26.35074442,78174.5
848,76,Nord,1128,169,86,1993,8.721795264,81758.0
849,76,Casio,1321,124,143,1981,10.681331232,61404.0
850,25,Nord,510,363,70,2008,6.0648588,37422.0
851,61,Korg,1047,279,106,1991,20.683937304,54402.0
852,88,Nord,1499,355,137,2004,27.12023778,93678.0
853,88,Casio,1285,222,119,2020,22.77852423,70136.5
854,76,Korg,1258,264,51,1989,7.215465312,69659.0
855,76,Nord,1200,329,51,1998,8.2149984,82812.0
856,61,Nord,976,327,92,2009,12.097137408,69578.0
857,88,Casio,1511,209,43,2009,4.630560737,72941.5
858,88,Korg,1428,318,56,2016,24.463490688,75663.0
859,37,Korg,643,244,107,2001,15.091912156,31318.5
860,73,Nord,1086,123,50,2015,6.1045146,75871.0
861,25,Nord,555,268,96,2001,7.3679846399999995,37014.0
862,73,Nord,1222,192,52,1984,8.942928384,77409.5
863,88,Nord,1291,312,36,1998,10.58537376,90635.0
864,25,Casio,522,220,97,2019,7.1292672,14960.0
865,25,Nord,397,389,46,1992,4.923015174,35509.5
866,61,Nord,1045,346,140,1997,20.7034982,69603.5
867,61,Korg,950,308,89,1997,18.0727316,54181.0
868,37,Korg,552,142,143,2019,8.395475088,32593.5
869,61,Nord,1087,322,135,2002,17.813962529999998,69875.5
870,73,Nord,1095,156,94,2015,9.570019680000001,78574.0
871,73,Casio,1063,173,81,2013,10.844156232,56452.0
872,37,Nord,661,211,73,1999,9.326146828,44174.0
873,73,Korg,1059,363,134,1987,39.509610425999995,64120.5
874,61,Casio,1011,370,37,2002,4.83036591,49113.5
875,76,Casio,1307,206,95,1985,23.25039291,57553.5
876,76,Korg,1247,398,124,2000,41.725438032,67517.0
877,48,Casio,811,130,66,1987,6.8887962,32225.0
878,73,Nord,1200,363,94,1998,36.7698672,76007.0
879,37,Nord,778,271,50,2002,6.0932182,47047.0
880,61,Korg,1103,308,43,2010,5.0251974079999995,57156.0
881,73,Korg,1122,164,49,1999,2.768032344,68030.5
882,76,Korg,1349,229,80,2006,9.09463424,70152.0
883,73,Nord,1047,258,85,1984,10.99818009,79568.5
884,76,Nord,1131,145,94,2001,14.72183115,78162.5
885,25,Casio,411,342,66,1990,3.6551742480000002,17051.0
886,25,Casio,476,171,38,2012,1.6269432480000001,15929.0
887,61,Nord,975,232,36,2018,4.4136144,68473.0
888,88,Nord,1284,187,88,1985,15.868257504,90456.5
889,73,Casio,1171,392,46,1993,18.37046064,55245.0
890,48,Nord,789,356,39,1993,3.7135673639999998,58758.5
891,76,Korg,1153,224,92,2020,12.046839168,68970.5
892,61,Korg,889,174,69,2009,5.400707004,55779.0
893,73,Nord,1031,130,119,2014,8.18212941,79279.5
894,25,Casio,431,364,116,1990,5.4595632,17850.0
895,61,Casio,1109,215,52,2010,11.02237318,44523.5
896,73,Korg,1090,349,143,1981,44.93326838,63619.0
897,73,Nord,1168,123,107,2010,13.665750672,76083.5
898,61,Nord,958,248,36,2014,5.285768832,67827.0
899,48,Korg,842,297,137,2001,13.943876166,45180.5
900,76,Nord,1307,162,144,2018,12.317837184,82846.0
901,88,Nord,1387,351,137,1991,56.825561988,89598.0
902,76,Nord,1171,230,51,1997,7.884366419999999,81401.0
903,25,Korg,594,276,73,1984,11.920040352000001,19934.0
904,61,Casio,942,361,67,1992,18.614653818,45135.5
905,61,Nord,959,185,141,2010,16.05996063,67623.0
906,37,Casio,646,243,129,2012,17.030386242,23811.5
907,76,Korg,1235,153,51,2012,7.208255340000001,66922.0
908,61,Korg,989,284,41,1999,10.041878751999999,52668.0
909,73,Nord,1085,226,128,1983,30.759142399999998,75310.0
910,37,Nord,694,381,116,2014,21.102352512,46112.0
911,48,Korg,743,289,125,1994,9.5553515,45614.0
912,76,Korg,1246,245,62,2003,18.32108432,65052.0
913,88,Casio,1286,137,131,1999,10.15513048,72100.0
914,76,Korg,1167,218,121,2013,16.838369922000002,68630.5
915,25,Nord,407,139,81,1982,3.4917987059999995,34923.0
916,76,Korg,1255,197,76,1988,15.783482399999999,66140.0
917,61,Nord,968,241,60,2004,4.46513232,70368.5
918,76,Korg,1132,290,113,1995,26.820147719999998,67134.5
919,61,Nord,1046,360,78,1989,24.49598112,65991.0
920,61,Casio,991,262,40,2011,5.057826159999999,47940.5
921,73,Nord,1093,272,94,1994,10.172279936,80546.0
922,48,Nord,861,269,90,1990,16.759227239999998,54806.0
923,48,Casio,859,327,86,2007,10.99134309,36772.5
924,25,Casio,506,246,111,1981,5.8997889720000005,16770.5
925,37,Korg,565,213,101,1988,4.76469924,35628.0
926,61,Korg,1003,181,131,1983,11.677027303000001,55906.5
927,76,Casio,1337,303,60,1998,12.42070326,60936.5
928,76,Nord,1131,303,41,2007,5.47966107,82965.0
929,25,Nord,523,295,96,1992,13.9226784,33410.0
930,88,Casio,1457,292,66,1996,20.582129832,69609.5
931,73,Casio,1233,188,148,1995,18.800231616,57982.0
932,25,Nord,508,170,144,1986,4.50177408,38323.0
933,76,Nord,1176,263,43,2004,5.05376592,83050.0
934,37,Nord,768,339,56,1990,5.846464512,48551.5
935,73,Korg,1062,242,84,2004,20.18509416,62692.5
936,88,Nord,1294,340,98,1988,28.80154144,91162.0
937,48,Casio,839,194,128,1999,14.562999552,34698.5
938,88,Korg,1376,170,88,1987,11.46582272,79105.5
939,88,Nord,1315,219,127,2007,32.9166855,89190.0
940,37,Nord,549,198,76,2011,4.105891944,47735.5
941,73,Casio,1167,369,124,1996,49.979827872,54684.0
942,25,Nord,465,220,121,1999,5.5826133,37566.5
943,37,Nord,590,369,124,1997,25.2412974,44012.5
944,25,Casio,423,340,82,1997,11.21537124,12316.5
945,76,Casio,1123,156,102,2013,10.614290544000001,60231.0
946,61,Korg,1055,388,48,2019,18.84273888,51928.5
947,48,Nord,767,147,138,2009,11.98070874,55095.0
948,48,Nord,728,146,85,1998,8.45627328,53684.0
949,25,Nord,516,272,129,1989,16.946661888,33444.0
950,76,Nord,1148,355,86,2017,34.66290716,77873.5
951,73,Korg,1051,185,76,2000,7.12254292,66543.0
952,88,Nord,1495,188,54,1982,9.51612948,91510.5
953,25,Korg,493,309,61,2003,3.094421481,25569.5
954,48,Casio,696,366,117,1984,10.87850088,37537.5
955,25,Korg,511,126,91,2002,3.3807157020000003,23495.5
956,76,Nord,1323,129,74,1980,6.781965246,81715.5
957,73,Casio,1043,260,36,2011,4.6762279200000005,58568.5
958,25,Korg,409,144,76,1994,3.9255361919999996,20945.5
959,48,Korg,739,229,143,2010,14.883020295,43412.5
960,76,Nord,1220,267,95,2007,13.1208072,82676.0
961,76,Korg,1331,205,63,2012,6.4805791049999995,70075.5
962,61,Nord,964,314,79,1997,22.741247784000002,64996.5
963,61,Nord,1018,193,44,1986,6.9158848,66280.0
964,88,Casio,1325,173,124,2018,20.180968999999997,69805.0
965,61,Casio,874,176,121,2009,13.177794432,46062.0
966,61,Nord,1038,184,82,2011,15.034890240000001,64920.0
967,76,Nord,1300,193,53,2016,12.5929219,78230.5
968,25,Casio,403,125,75,1988,2.814703125,14067.5
969,76,Korg,1185,229,129,2004,29.895196589999998,66021.0
970,73,Korg,1234,345,119,2007,35.058014039999996,64758.0
971,88,Casio,1445,248,76,1991,8.27954944,73256.0
972,73,Nord,1101,176,75,1986,8.937918,78412.5
973,25,Nord,426,317,99,2000,13.128513156,33053.0
974,76,Casio,1285,321,118,1994,32.70841056,59568.0
975,73,Korg,1078,347,130,2007,17.84668886,67520.5
976,76,Nord,1291,255,121,2011,33.101891955,79216.5
977,48,Nord,876,269,43,2016,8.481063204,54525.5
978,88,Nord,1476,203,120,2010,24.018180479999998,91162.0
979,61,Casio,897,267,68,1998,14.885341848,44311.0
980,61,Korg,1065,165,128,2004,9.5819328,56459.0
981,48,Casio,765,240,92,1993,12.4825968,34358.5
982,37,Casio,753,256,140,2009,14.68121088,26336.0
983,61,Nord,1093,275,93,2013,25.046313599999998,65464.0
984,73,Nord,1074,330,35,2018,9.154668599999999,77367.0
985,37,Nord,581,189,149,1986,16.181564049,43553.5
986,73,Nord,1044,341,41,2015,14.30424072,75310.0
987,61,Casio,1043,168,95,2014,7.1579004,48425.0
988,73,Nord,1177,167,58,2002,6.44123843,78837.5
989,73,Nord,1153,188,130,1981,18.96468236,77919.5
990,61,Casio,973,143,67,2020,5.052693646,47473.0
991,76,Nord,1286,293,111,1989,27.227800278,80746.5
992,48,Casio,690,394,127,1980,24.06477534,34715.5
993,37,Korg,802,234,136,2016,21.719943648,31726.5
994,25,Nord,539,139,51,1990,2.0289356009999997,36886.5
995,88,Casio,1304,143,77,1990,6.978155184,71709.0
996,88,Nord,1412,248,104,1980,35.362173184,88586.5
997,73,Casio,1172,215,48,2005,5.57581344,58721.5
998,37,Korg,650,210,131,1994,17.6490405,30570.5
999,88,Nord,1515,189,95,2014,11.288757375,93312.5
